<?xml version="1.0" encoding="UTF-8"?>
<!DOCTYPE mapper
        PUBLIC "-//mybatis.org//DTD Mapper 3.0//EN"
        "http://mybatis.org/dtd/mybatis-3-mapper.dtd">
<!--<mapper namespace="com.elife.demo.mapper.RoleMapper">-->
<!--<insert id="insertRole" parameterType="role">-->
<!--insert into t_role(role_name, note) values(#{roleName}, #{note})-->
<!--</insert>-->

<!--<delete id="deleteRole" parameterType="long">-->
<!--delete from t_role where id=#{id}-->
<!--</delete>-->

<!--<update id="updateRole" parameterType="role">-->
<!--update t_role set role_name=#{roleName}, note=#{note} where id=#{id}-->
<!--</update>-->

<!--<select id="findRoles" parameterType="string" resultType="role">-->
<!--select id,role_name as roleName, note from t_role-->
<!--where role_name like concat('%',#{roleName}, '%')-->
<!--</select>-->
<!--<select id="getRole" parameterType="long" resultType="role">-->
<!--select id,role_name as roleName, note from t_role-->
<!--where id=#{id}-->
<!--</select>-->
<mapper namespace="mybatis.day21.dao.RoleMapper">

    <!--配置查询列与实体类的映射-->
    <resultMap id="roleInfo" type="Role">
        <!-- property-类属性名  column-列名 -->
        <!--id 表示主键-->
        <id property="id" column="id"></id>
        <result property="rolename" column="role_name"></result>
        <result property="note" column="note"></result>
    </resultMap>

    <!--resultMap结果映射可以自己配置属性与列的映射
        resuletType 结果根据列名和属性名称是否相同进行映射
        不能同时出现
    -->


    <select id="findAllRole" resultMap="roleInfo">
        select * from t_role
    </select>

    <!--parameterType指定参数类型-->
    <select id="findRoleById" resultMap="roleInfo" parameterType="Integer">
        select * from t_role where id=#{id}
    </select>

    <insert id="insertRole" parameterType="role">
        insert into t_role values(null ,#{rolename},#{note})
    </insert>

    <!--如果想做到修改哪些字段则sql就拼接哪些字段
        需要使用动态sql-->
    <update id="updateRole" parameterType="role">
        update t_role set role_name=#{rolename},note=#{note}
        where id = #{id}
    </update>



</mapper>

